"debitur REF","Nama","Alamat","Nomot HP","Nomor Identitas","Nama ke-2","Nomor HP ke-2","scan","mobil REF"
"653"," "," "," "," "," "," "," ","[ id= 651;NoPol =asa ]"
"657"," "," "," "," "," "," "," ","[ id= 655;NoPol =assad ]"
"453"," "," "," "," "," "," ","C:\Users\SEED\Documents\luna2.PNG","[ id= 451;NoPol =anana ]"
"753"," "," "," "," "," "," "," ","[ id= 751;NoPol =foo ]"
"803"," "," "," "," "," "," "," ","[ id= 801;NoPol =fo1 ]"
"807"," "," "," "," "," "," "," ","[ id= 805;NoPol =fo2 ]"
"953"," "," "," "," "," "," "," ","[ id= 951;NoPol =asas ]"
"957"," "," "," "," "," "," "," ","[ id= 955;NoPol =anjay ]"
"1003"," "," "," "," "," "," "," ","[ id= 1001;NoPol =test ]"
"1053"," "," "," "," "," "," "," ","[ id= 1051;NoPol =a ]"
"1103"," "," "," "," "," "," "," ","[ id= 1101;NoPol =s ]"
"1153"," "," "," "," "," "," "," ","[ id= 1151;NoPol =ww ]"
"1203"," "," "," "," "," "," "," ","[ id= 1201;NoPol = ]"
"1207"," "," "," "," "," "," "," ","[ id= 1205;NoPol =aaa ]"
